"","year","state","pop"
"1",1991,"Alabama",4099156
"2",1991,"Alaska",570193
"3",1991,"Arizona",3788576
"4",1991,"Arkansas",2383144
"5",1991,"California",30470736
"6",1991,"Colorado",3387119
"7",1991,"Connecticut",3302895
"8",1991,"Delaware",683080
"9",1991,"District of Columbia",600870
"10",1991,"Florida",13369798
"11",1991,"Georgia",6653005
"12",1991,"Hawaii",1136754
"13",1991,"Idaho",1041316
"14",1991,"Illinois",11568964
"15",1991,"Indiana",5616388
"16",1991,"Iowa",2797613
"17",1991,"Kansas",2498722
"18",1991,"Kentucky",3722328
"19",1991,"Louisiana",4253279
"20",1991,"Maine",1237081
"21",1991,"Maryland",4867641
"22",1991,"Massachusetts",6018470
"23",1991,"Michigan",9400446
"24",1991,"Minnesota",4440859
"25",1991,"Mississippi",2598733
"26",1991,"Missouri",5170800
"27",1991,"Montana",809680
"28",1991,"Nebraska",1595919
"29",1991,"Nevada",1296171
"30",1991,"New Hampshire",1109929
"31",1991,"New Jersey",7814676
"32",1991,"New Mexico",1555305
"33",1991,"New York",18122510
"34",1991,"North Carolina",6784280
"35",1991,"North Dakota",635753
"36",1991,"Ohio",10945762
"37",1991,"Oklahoma",3175440
"38",1991,"Oregon",2928507
"39",1991,"Pennsylvania",11982164
"40",1991,"Rhode Island",1010649
"41",1991,"South Carolina",3570404
"42",1991,"South Dakota",703669
"43",1991,"Tennessee",4966587
"44",1991,"Texas",17398005
"45",1991,"Utah",1779780
"46",1991,"Vermont",568606
"47",1991,"Virginia",6301217
"48",1991,"Washington",5025624
"49",1991,"West Virginia",1798735
"50",1991,"Wisconsin",4964343
"51",1991,"Wyoming",459260
"52",1992,"Alabama",4154014
"53",1992,"Alaska",588736
"54",1992,"Arizona",3915740
"55",1992,"Arkansas",2415984
"56",1992,"California",30974659
"57",1992,"Colorado",3495939
"58",1992,"Connecticut",3300712
"59",1992,"Delaware",694925
"60",1992,"District of Columbia",597565
"61",1992,"Florida",13650553
"62",1992,"Georgia",6817203
"63",1992,"Hawaii",1158613
"64",1992,"Idaho",1071685
"65",1992,"Illinois",11694184
"66",1992,"Indiana",5674547
"67",1992,"Iowa",2818401
"68",1992,"Kansas",2532394
"69",1992,"Kentucky",3765469
"70",1992,"Louisiana",4293003
"71",1992,"Maine",1238508
"72",1992,"Maryland",4923368
"73",1992,"Massachusetts",6028709
"74",1992,"Michigan",9479065
"75",1992,"Minnesota",4495572
"76",1992,"Mississippi",2623734
"77",1992,"Missouri",5217101
"78",1992,"Montana",825770
"79",1992,"Nebraska",1611687
"80",1992,"Nevada",1351367
"81",1992,"New Hampshire",1117784
"82",1992,"New Jersey",7880508
"83",1992,"New Mexico",1595442
"84",1992,"New York",18246653
"85",1992,"North Carolina",6897214
"86",1992,"North Dakota",638223
"87",1992,"Ohio",11029431
"88",1992,"Oklahoma",3220517
"89",1992,"Oregon",2991755
"90",1992,"Pennsylvania",12049450
"91",1992,"Rhode Island",1012581
"92",1992,"South Carolina",3620464
"93",1992,"South Dakota",712801
"94",1992,"Tennessee",5049742
"95",1992,"Texas",17759738
"96",1992,"Utah",1836799
"97",1992,"Vermont",572751
"98",1992,"Virginia",6414307
"99",1992,"Washington",5160757
"100",1992,"West Virginia",1806451
"101",1992,"Wisconsin",5025398
"102",1992,"Wyoming",466251
"103",1993,"Alabama",4214202
"104",1993,"Alaska",599432
"105",1993,"Arizona",4065440
"106",1993,"Arkansas",2456303
"107",1993,"California",31274928
"108",1993,"Colorado",3613734
"109",1993,"Connecticut",3309175
"110",1993,"Delaware",706378
"111",1993,"District of Columbia",595301
"112",1993,"Florida",13927185
"113",1993,"Georgia",6978240
"114",1993,"Hawaii",1172838
"115",1993,"Idaho",1108768
"116",1993,"Illinois",11809579
"117",1993,"Indiana",5739019
"118",1993,"Iowa",2836972
"119",1993,"Kansas",2556547
"120",1993,"Kentucky",3812206
"121",1993,"Louisiana",4316428
"122",1993,"Maine",1242302
"123",1993,"Maryland",4971889
"124",1993,"Massachusetts",6060569
"125",1993,"Michigan",9540114
"126",1993,"Minnesota",4555954
"127",1993,"Mississippi",2655100
"128",1993,"Missouri",5271175
"129",1993,"Montana",844761
"130",1993,"Nebraska",1625590
"131",1993,"Nevada",1411215
"132",1993,"New Hampshire",1129458
"133",1993,"New Jersey",7948915
"134",1993,"New Mexico",1636453
"135",1993,"New York",18374954
"136",1993,"North Carolina",7042818
"137",1993,"North Dakota",641216
"138",1993,"Ohio",11101140
"139",1993,"Oklahoma",3252285
"140",1993,"Oregon",3060367
"141",1993,"Pennsylvania",12119724
"142",1993,"Rhode Island",1015112
"143",1993,"South Carolina",3663314
"144",1993,"South Dakota",722159
"145",1993,"Tennessee",5137584
"146",1993,"Texas",18161612
"147",1993,"Utah",1898404
"148",1993,"Vermont",577748
"149",1993,"Virginia",6509630
"150",1993,"Washington",5278842
"151",1993,"West Virginia",1817539
"152",1993,"Wisconsin",5084889
"153",1993,"Wyoming",473081
"154",1994,"Alabama",4260229
"155",1994,"Alaska",603308
"156",1994,"Arizona",4245089
"157",1994,"Arkansas",2494019
"158",1994,"California",31484435
"159",1994,"Colorado",3724168
"160",1994,"Connecticut",3316121
"161",1994,"Delaware",717545
"162",1994,"District of Columbia",589239
"163",1994,"Florida",14239444
"164",1994,"Georgia",7157165
"165",1994,"Hawaii",1187536
"166",1994,"Idaho",1145140
"167",1994,"Illinois",11912585
"168",1994,"Indiana",5793526
"169",1994,"Iowa",2850746
"170",1994,"Kansas",2580513
"171",1994,"Kentucky",3849088
"172",1994,"Louisiana",4347481
"173",1994,"Maine",1242662
"174",1994,"Maryland",5023060
"175",1994,"Massachusetts",6095241
"176",1994,"Michigan",9597737
"177",1994,"Minnesota",4610355
"178",1994,"Mississippi",2688992
"179",1994,"Missouri",5324497
"180",1994,"Montana",861306
"181",1994,"Nebraska",1639041
"182",1994,"Nevada",1499298
"183",1994,"New Hampshire",1142560
"184",1994,"New Jersey",8014306
"185",1994,"New Mexico",1682398
"186",1994,"New York",18459470
"187",1994,"North Carolina",7187398
"188",1994,"North Dakota",644804
"189",1994,"Ohio",11152454
"190",1994,"Oklahoma",3280940
"191",1994,"Oregon",3121264
"192",1994,"Pennsylvania",12166050
"193",1994,"Rhode Island",1015960
"194",1994,"South Carolina",3705397
"195",1994,"South Dakota",730790
"196",1994,"Tennessee",5231438
"197",1994,"Texas",18564062
"198",1994,"Utah",1960446
"199",1994,"Vermont",583836
"200",1994,"Virginia",6593139
"201",1994,"Washington",5375161
"202",1994,"West Virginia",1820421
"203",1994,"Wisconsin",5133678
"204",1994,"Wyoming",480283
"205",1995,"Alabama",4296800
"206",1995,"Alaska",604412
"207",1995,"Arizona",4432499
"208",1995,"Arkansas",2535399
"209",1995,"California",31696582
"210",1995,"Colorado",3826653
"211",1995,"Connecticut",3324144
"212",1995,"Delaware",729734
"213",1995,"District of Columbia",580517
"214",1995,"Florida",14537875
"215",1995,"Georgia",7328413
"216",1995,"Hawaii",1196854
"217",1995,"Idaho",1177322
"218",1995,"Illinois",12008437
"219",1995,"Indiana",5851459
"220",1995,"Iowa",2867373
"221",1995,"Kansas",2601007
"222",1995,"Kentucky",3887427
"223",1995,"Louisiana",4378779
"224",1995,"Maine",1243480
"225",1995,"Maryland",5070033
"226",1995,"Massachusetts",6141445
"227",1995,"Michigan",9676211
"228",1995,"Minnesota",4660180
"229",1995,"Mississippi",2722659
"230",1995,"Missouri",5378247
"231",1995,"Montana",876553
"232",1995,"Nebraska",1656992
"233",1995,"Nevada",1581578
"234",1995,"New Hampshire",1157561
"235",1995,"New Jersey",8083242
"236",1995,"New Mexico",1720394
"237",1995,"New York",18524104
"238",1995,"North Carolina",7344674
"239",1995,"North Dakota",647832
"240",1995,"Ohio",11202751
"241",1995,"Oklahoma",3308208
"242",1995,"Oregon",3184369
"243",1995,"Pennsylvania",12198403
"244",1995,"Rhode Island",1017002
"245",1995,"South Carolina",3748582
"246",1995,"South Dakota",737925
"247",1995,"Tennessee",5326936
"248",1995,"Texas",18958751
"249",1995,"Utah",2014177
"250",1995,"Vermont",589002
"251",1995,"Virginia",6670693
"252",1995,"Washington",5481027
"253",1995,"West Virginia",1823700
"254",1995,"Wisconsin",5184836
"255",1995,"Wyoming",485160
"256",1996,"Alabama",4331102
"257",1996,"Alaska",608569
"258",1996,"Arizona",4586940
"259",1996,"Arkansas",2572109
"260",1996,"California",32018834
"261",1996,"Colorado",3919972
"262",1996,"Connecticut",3336685
"263",1996,"Delaware",740977
"264",1996,"District of Columbia",572377
"265",1996,"Florida",14853360
"266",1996,"Georgia",7501069
"267",1996,"Hawaii",1203755
"268",1996,"Idaho",1203083
"269",1996,"Illinois",12101997
"270",1996,"Indiana",5906013
"271",1996,"Iowa",2880000
"272",1996,"Kansas",2614554
"273",1996,"Kentucky",3919535
"274",1996,"Louisiana",4398877
"275",1996,"Maine",1249060
"276",1996,"Maryland",5111986
"277",1996,"Massachusetts",6179756
"278",1996,"Michigan",9758645
"279",1996,"Minnesota",4712827
"280",1996,"Mississippi",2748085
"281",1996,"Missouri",5431553
"282",1996,"Montana",886254
"283",1996,"Nebraska",1673740
"284",1996,"Nevada",1666320
"285",1996,"New Hampshire",1174719
"286",1996,"New Jersey",8149596
"287",1996,"New Mexico",1752326
"288",1996,"New York",18588460
"289",1996,"North Carolina",7500670
"290",1996,"North Dakota",650382
"291",1996,"Ohio",11242827
"292",1996,"Oklahoma",3340129
"293",1996,"Oregon",3247111
"294",1996,"Pennsylvania",12220464
"295",1996,"Rhode Island",1020893
"296",1996,"South Carolina",3796200
"297",1996,"South Dakota",742213
"298",1996,"Tennessee",5416643
"299",1996,"Texas",19340342
"300",1996,"Utah",2067976
"301",1996,"Vermont",593701
"302",1996,"Virginia",6750884
"303",1996,"Washington",5569753
"304",1996,"West Virginia",1822808
"305",1996,"Wisconsin",5229986
"306",1996,"Wyoming",488167
"307",1997,"Alabama",4367935
"308",1997,"Alaska",612968
"309",1997,"Arizona",4736990
"310",1997,"Arkansas",2601090
"311",1997,"California",32486010
"312",1997,"Colorado",4018293
"313",1997,"Connecticut",3349348
"314",1997,"Delaware",751487
"315",1997,"District of Columbia",567736
"316",1997,"Florida",15186304
"317",1997,"Georgia",7685099
"318",1997,"Hawaii",1211640
"319",1997,"Idaho",1228520
"320",1997,"Illinois",12185715
"321",1997,"Indiana",5955267
"322",1997,"Iowa",2891119
"323",1997,"Kansas",2635292
"324",1997,"Kentucky",3952747
"325",1997,"Louisiana",4421071
"326",1997,"Maine",1254774
"327",1997,"Maryland",5157328
"328",1997,"Massachusetts",6226058
"329",1997,"Michigan",9809051
"330",1997,"Minnesota",4763390
"331",1997,"Mississippi",2777004
"332",1997,"Missouri",5481193
"333",1997,"Montana",889865
"334",1997,"Nebraska",1686418
"335",1997,"Nevada",1764104
"336",1997,"New Hampshire",1189425
"337",1997,"New Jersey",8218808
"338",1997,"New Mexico",1774839
"339",1997,"New York",18656546
"340",1997,"North Carolina",7656825
"341",1997,"North Dakota",649716
"342",1997,"Ohio",11277357
"343",1997,"Oklahoma",3372917
"344",1997,"Oregon",3304310
"345",1997,"Pennsylvania",12227814
"346",1997,"Rhode Island",1025353
"347",1997,"South Carolina",3859696
"348",1997,"South Dakota",744223
"349",1997,"Tennessee",5499233
"350",1997,"Texas",19740317
"351",1997,"Utah",2119784
"352",1997,"Vermont",597239
"353",1997,"Virginia",6829183
"354",1997,"Washington",5674747
"355",1997,"West Virginia",1819113
"356",1997,"Wisconsin",5266213
"357",1997,"Wyoming",489451
"358",1998,"Alabama",4404701
"359",1998,"Alaska",619932
"360",1998,"Arizona",4883342
"361",1998,"Arkansas",2626289
"362",1998,"California",32987675
"363",1998,"Colorado",4116639
"364",1998,"Connecticut",3365352
"365",1998,"Delaware",763335
"366",1998,"District of Columbia",565230
"367",1998,"Florida",15486559
"368",1998,"Georgia",7863536
"369",1998,"Hawaii",1215233
"370",1998,"Idaho",1252330
"371",1998,"Illinois",12271847
"372",1998,"Indiana",5998880
"373",1998,"Iowa",2902872
"374",1998,"Kansas",2660598
"375",1998,"Kentucky",3985390
"376",1998,"Louisiana",4440344
"377",1998,"Maine",1259127
"378",1998,"Maryland",5204464
"379",1998,"Massachusetts",6271838
"380",1998,"Michigan",9847942
"381",1998,"Minnesota",4813412
"382",1998,"Mississippi",2804834
"383",1998,"Missouri",5521765
"384",1998,"Montana",892431
"385",1998,"Nebraska",1695816
"386",1998,"Nevada",1853191
"387",1998,"New Hampshire",1205940
"388",1998,"New Jersey",8287418
"389",1998,"New Mexico",1793484
"390",1998,"New York",18755906
"391",1998,"North Carolina",7809121
"392",1998,"North Dakota",647532
"393",1998,"Ohio",11311536
"394",1998,"Oklahoma",3405194
"395",1998,"Oregon",3352449
"396",1998,"Pennsylvania",12245672
"397",1998,"Rhode Island",1031155
"398",1998,"South Carolina",3919235
"399",1998,"South Dakota",746058
"400",1998,"Tennessee",5570045
"401",1998,"Texas",20157531
"402",1998,"Utah",2165960
"403",1998,"Vermont",600416
"404",1998,"Virginia",6900918
"405",1998,"Washington",5769562
"406",1998,"West Virginia",1815609
"407",1998,"Wisconsin",5297672
"408",1998,"Wyoming",490787
"409",1999,"Alabama",4430141
"410",1999,"Alaska",624779
"411",1999,"Arizona",5023823
"412",1999,"Arkansas",2651860
"413",1999,"California",33499204
"414",1999,"Colorado",4226018
"415",1999,"Connecticut",3386401
"416",1999,"Delaware",774990
"417",1999,"District of Columbia",570213
"418",1999,"Florida",15759421
"419",1999,"Georgia",8045965
"420",1999,"Hawaii",1210300
"421",1999,"Idaho",1275674
"422",1999,"Illinois",12359020
"423",1999,"Indiana",6044969
"424",1999,"Iowa",2917634
"425",1999,"Kansas",2678338
"426",1999,"Kentucky",4018053
"427",1999,"Louisiana",4460811
"428",1999,"Maine",1266808
"429",1999,"Maryland",5254509
"430",1999,"Massachusetts",6317345
"431",1999,"Michigan",9897116
"432",1999,"Minnesota",4873481
"433",1999,"Mississippi",2828408
"434",1999,"Missouri",5561948
"435",1999,"Montana",897507
"436",1999,"Nebraska",1704764
"437",1999,"Nevada",1934718
"438",1999,"New Hampshire",1222014
"439",1999,"New Jersey",8359592
"440",1999,"New Mexico",1808082
"441",1999,"New York",18882725
"442",1999,"North Carolina",7949361
"443",1999,"North Dakota",644259
"444",1999,"Ohio",11335454
"445",1999,"Oklahoma",3437147
"446",1999,"Oregon",3393941
"447",1999,"Pennsylvania",12263805
"448",1999,"Rhode Island",1040402
"449",1999,"South Carolina",3974682
"450",1999,"South Dakota",750412
"451",1999,"Tennessee",5638706
"452",1999,"Texas",20558220
"453",1999,"Utah",2203482
"454",1999,"Vermont",604683
"455",1999,"Virginia",7000174
"456",1999,"Washington",5842564
"457",1999,"West Virginia",1811799
"458",1999,"Wisconsin",5332666
"459",1999,"Wyoming",491780
"460",2000,"Alabama",4451849
"461",2000,"Alaska",627499
"462",2000,"Arizona",5166697
"463",2000,"Arkansas",2678288
"464",2000,"California",33994571
"465",2000,"Colorado",4328070
"466",2000,"Connecticut",3411726
"467",2000,"Delaware",786411
"468",2000,"District of Columbia",571744
"469",2000,"Florida",16047118
"470",2000,"Georgia",8230161
"471",2000,"Hawaii",1211566
"472",2000,"Idaho",1299551
"473",2000,"Illinois",12437645
"474",2000,"Indiana",6091649
"475",2000,"Iowa",2928184
"476",2000,"Kansas",2692810
"477",2000,"Kentucky",4048903
"478",2000,"Louisiana",4468979
"479",2000,"Maine",1277211
"480",2000,"Maryland",5310579
"481",2000,"Massachusetts",6363015
"482",2000,"Michigan",9955308
"483",2000,"Minnesota",4933958
"484",2000,"Mississippi",2848310
"485",2000,"Missouri",5606065
"486",2000,"Montana",903293
"487",2000,"Nebraska",1713345
"488",2000,"Nevada",2018211
"489",2000,"New Hampshire",1240446
"490",2000,"New Jersey",8430921
"491",2000,"New Mexico",1820813
"492",2000,"New York",18998044
"493",2000,"North Carolina",8079383
"494",2000,"North Dakota",641200
"495",2000,"Ohio",11363844
"496",2000,"Oklahoma",3453943
"497",2000,"Oregon",3430891
"498",2000,"Pennsylvania",12285504
"499",2000,"Rhode Island",1050736
"500",2000,"South Carolina",4023570
"501",2000,"South Dakota",755694
"502",2000,"Tennessee",5703243
"503",2000,"Texas",20945963
"504",2000,"Utah",2244314
"505",2000,"Vermont",609903
"506",2000,"Virginia",7104533
"507",2000,"Washington",5911122
"508",2000,"West Virginia",1806962
"509",2000,"Wisconsin",5374254
"510",2000,"Wyoming",493958
"511",2001,"Alabama",4464034
"512",2001,"Alaska",633316
"513",2001,"Arizona",5304417
"514",2001,"Arkansas",2691068
"515",2001,"California",34485623
"516",2001,"Colorado",4433068
"517",2001,"Connecticut",3428433
"518",2001,"Delaware",794620
"519",2001,"District of Columbia",578042
"520",2001,"Florida",16353869
"521",2001,"Georgia",8419594
"522",2001,"Hawaii",1218305
"523",2001,"Idaho",1321170
"524",2001,"Illinois",12507833
"525",2001,"Indiana",6124967
"526",2001,"Iowa",2929424
"527",2001,"Kansas",2701456
"528",2001,"Kentucky",4069191
"529",2001,"Louisiana",4460816
"530",2001,"Maine",1284791
"531",2001,"Maryland",5375033
"532",2001,"Massachusetts",6411730
"533",2001,"Michigan",10006093
"534",2001,"Minnesota",4982813
"535",2001,"Mississippi",2853313
"536",2001,"Missouri",5643986
"537",2001,"Montana",905873
"538",2001,"Nebraska",1717948
"539",2001,"Nevada",2094509
"540",2001,"New Hampshire",1256879
"541",2001,"New Jersey",8489469
"542",2001,"New Mexico",1828809
"543",2001,"New York",19088978
"544",2001,"North Carolina",8203451
"545",2001,"North Dakota",636267
"546",2001,"Ohio",11396874
"547",2001,"Oklahoma",3464729
"548",2001,"Oregon",3470382
"549",2001,"Pennsylvania",12299533
"550",2001,"Rhode Island",1058051
"551",2001,"South Carolina",4062701
"552",2001,"South Dakota",758983
"553",2001,"Tennessee",5755443
"554",2001,"Texas",21332847
"555",2001,"Utah",2291250
"556",2001,"Vermont",612153
"557",2001,"Virginia",7191304
"558",2001,"Washington",5987785
"559",2001,"West Virginia",1798582
"560",2001,"Wisconsin",5408769
"561",2001,"Wyoming",492982
"562",2002,"Alabama",4472420
"563",2002,"Alaska",642691
"564",2002,"Arizona",5452108
"565",2002,"Arkansas",2704732
"566",2002,"California",34876194
"567",2002,"Colorado",4504265
"568",2002,"Connecticut",3448382
"569",2002,"Delaware",804131
"570",2002,"District of Columbia",579585
"571",2002,"Florida",16680309
"572",2002,"Georgia",8585535
"573",2002,"Hawaii",1228069
"574",2002,"Idaho",1342149
"575",2002,"Illinois",12558229
"576",2002,"Indiana",6149007
"577",2002,"Iowa",2929264
"578",2002,"Kansas",2712598
"579",2002,"Kentucky",4091330
"580",2002,"Louisiana",4466068
"581",2002,"Maine",1293938
"582",2002,"Maryland",5439913
"583",2002,"Massachusetts",6440978
"584",2002,"Michigan",10038767
"585",2002,"Minnesota",5017458
"586",2002,"Mississippi",2858643
"587",2002,"Missouri",5680852
"588",2002,"Montana",909868
"589",2002,"Nebraska",1725083
"590",2002,"Nevada",2166214
"591",2002,"New Hampshire",1271163
"592",2002,"New Jersey",8544115
"593",2002,"New Mexico",1850035
"594",2002,"New York",19161873
"595",2002,"North Carolina",8316617
"596",2002,"North Dakota",633617
"597",2002,"Ohio",11420981
"598",2002,"Oklahoma",3484754
"599",2002,"Oregon",3517111
"600",2002,"Pennsylvania",12326302
"601",2002,"Rhode Island",1066034
"602",2002,"South Carolina",4103934
"603",2002,"South Dakota",762107
"604",2002,"Tennessee",5803306
"605",2002,"Texas",21710788
"606",2002,"Utah",2334473
"607",2002,"Vermont",614950
"608",2002,"Virginia",7283541
"609",2002,"Washington",6056187
"610",2002,"West Virginia",1799411
"611",2002,"Wisconsin",5446766
"612",2002,"Wyoming",497069
"613",2003,"Alabama",4490591
"614",2003,"Alaska",650884
"615",2003,"Arizona",5591206
"616",2003,"Arkansas",2722291
"617",2003,"California",35251107
"618",2003,"Colorado",4548775
"619",2003,"Connecticut",3467673
"620",2003,"Delaware",814905
"621",2003,"District of Columbia",577777
"622",2003,"Florida",16981183
"623",2003,"Georgia",8735259
"624",2003,"Hawaii",1239298
"625",2003,"Idaho",1364109
"626",2003,"Illinois",12597981
"627",2003,"Indiana",6181789
"628",2003,"Iowa",2932799
"629",2003,"Kansas",2721955
"630",2003,"Kentucky",4118627
"631",2003,"Louisiana",4474726
"632",2003,"Maine",1303102
"633",2003,"Maryland",5496708
"634",2003,"Massachusetts",6451637
"635",2003,"Michigan",10066351
"636",2003,"Minnesota",5047862
"637",2003,"Mississippi",2867678
"638",2003,"Missouri",5714847
"639",2003,"Montana",916750
"640",2003,"Nebraska",1733680
"641",2003,"Nevada",2236949
"642",2003,"New Hampshire",1281871
"643",2003,"New Jersey",8583481
"644",2003,"New Mexico",1869683
"645",2003,"New York",19231101
"646",2003,"North Carolina",8416451
"647",2003,"North Dakota",632809
"648",2003,"Ohio",11445180
"649",2003,"Oklahoma",3498687
"650",2003,"Oregon",3550180
"651",2003,"Pennsylvania",12357524
"652",2003,"Rhode Island",1071504
"653",2003,"South Carolina",4146474
"654",2003,"South Dakota",766975
"655",2003,"Tennessee",5856522
"656",2003,"Texas",22057801
"657",2003,"Utah",2379938
"658",2003,"Vermont",616559
"659",2003,"Virginia",7373694
"660",2003,"Washington",6113262
"661",2003,"West Virginia",1802238
"662",2003,"Wisconsin",5476796
"663",2003,"Wyoming",499189
"664",2004,"Alabama",4512190
"665",2004,"Alaska",661569
"666",2004,"Arizona",5759425
"667",2004,"Arkansas",2746161
"668",2004,"California",35558419
"669",2004,"Colorado",4599681
"670",2004,"Connecticut",3474610
"671",2004,"Delaware",826639
"672",2004,"District of Columbia",579796
"673",2004,"Florida",17375259
"674",2004,"Georgia",8913676
"675",2004,"Hawaii",1252782
"676",2004,"Idaho",1391718
"677",2004,"Illinois",12645295
"678",2004,"Indiana",6214454
"679",2004,"Iowa",2941358
"680",2004,"Kansas",2730765
"681",2004,"Kentucky",4147970
"682",2004,"Louisiana",4489327
"683",2004,"Maine",1308253
"684",2004,"Maryland",5542659
"685",2004,"Massachusetts",6451279
"686",2004,"Michigan",10089305
"687",2004,"Minnesota",5079344
"688",2004,"Mississippi",2886006
"689",2004,"Missouri",5758444
"690",2004,"Montana",925887
"691",2004,"Nebraska",1742184
"692",2004,"Nevada",2328703
"693",2004,"New Hampshire",1292766
"694",2004,"New Jersey",8611530
"695",2004,"New Mexico",1891829
"696",2004,"New York",19297933
"697",2004,"North Carolina",8531283
"698",2004,"North Dakota",636303
"699",2004,"Ohio",11464593
"700",2004,"Oklahoma",3514449
"701",2004,"Oregon",3573505
"702",2004,"Pennsylvania",12388368
"703",2004,"Rhode Island",1071414
"704",2004,"South Carolina",4201306
"705",2004,"South Dakota",774283
"706",2004,"Tennessee",5916762
"707",2004,"Texas",22418319
"708",2004,"Utah",2438915
"709",2004,"Vermont",618145
"710",2004,"Virginia",7468914
"711",2004,"Washington",6184289
"712",2004,"West Virginia",1803302
"713",2004,"Wisconsin",5511385
"714",2004,"Wyoming",502988
"715",2005,"Alabama",4545049
"716",2005,"Alaska",669488
"717",2005,"Arizona",5974834
"718",2005,"Arkansas",2776221
"719",2005,"California",35795255
"720",2005,"Colorado",4660780
"721",2005,"Connecticut",3477416
"722",2005,"Delaware",839906
"723",2005,"District of Columbia",582049
"724",2005,"Florida",17783868
"725",2005,"Georgia",9097428
"726",2005,"Hawaii",1266117
"727",2005,"Idaho",1425862
"728",2005,"Illinois",12674452
"729",2005,"Indiana",6253120
"730",2005,"Iowa",2949450
"731",2005,"Kansas",2741771
"732",2005,"Kentucky",4182293
"733",2005,"Louisiana",4497691
"734",2005,"Maine",1311631
"735",2005,"Maryland",5582520
"736",2005,"Massachusetts",6453031
"737",2005,"Michigan",10090554
"738",2005,"Minnesota",5106560
"739",2005,"Mississippi",2900116
"740",2005,"Missouri",5806639
"741",2005,"Montana",934801
"742",2005,"Nebraska",1751721
"743",2005,"Nevada",2408804
"744",2005,"New Hampshire",1301415
"745",2005,"New Jersey",8621837
"746",2005,"New Mexico",1916538
"747",2005,"New York",19330891
"748",2005,"North Carolina",8669452
"749",2005,"North Dakota",635365
"750",2005,"Ohio",11475262
"751",2005,"Oklahoma",3532769
"752",2005,"Oregon",3617869
"753",2005,"Pennsylvania",12418161
"754",2005,"Rhode Island",1064989
"755",2005,"South Carolina",4256199
"756",2005,"South Dakota",780084
"757",2005,"Tennessee",5995748
"758",2005,"Texas",22801920
"759",2005,"Utah",2499637
"760",2005,"Vermont",618814
"761",2005,"Virginia",7563887
"762",2005,"Washington",6261282
"763",2005,"West Virginia",1803920
"764",2005,"Wisconsin",5541443
"765",2005,"Wyoming",506242
"766",2006,"Alabama",4597688
"767",2006,"Alaska",677325
"768",2006,"Arizona",6192100
"769",2006,"Arkansas",2815097
"770",2006,"California",35979208
"771",2006,"Colorado",4753044
"772",2006,"Connecticut",3485162
"773",2006,"Delaware",853022
"774",2006,"District of Columbia",583978
"775",2006,"Florida",18088505
"776",2006,"Georgia",9330086
"777",2006,"Hawaii",1275599
"778",2006,"Idaho",1464413
"779",2006,"Illinois",12718011
"780",2006,"Indiana",6301700
"781",2006,"Iowa",2964391
"782",2006,"Kansas",2755700
"783",2006,"Kentucky",4219374
"784",2006,"Louisiana",4240327
"785",2006,"Maine",1314963
"786",2006,"Maryland",5612196
"787",2006,"Massachusetts",6466399
"788",2006,"Michigan",10082438
"789",2006,"Minnesota",5148346
"790",2006,"Mississippi",2897150
"791",2006,"Missouri",5861572
"792",2006,"Montana",946230
"793",2006,"Nebraska",1760435
"794",2006,"Nevada",2493405
"795",2006,"New Hampshire",1311894
"796",2006,"New Jersey",8623721
"797",2006,"New Mexico",1942608
"798",2006,"New York",19356564
"799",2006,"North Carolina",8866977
"800",2006,"North Dakota",636771
"801",2006,"Ohio",11492495
"802",2006,"Oklahoma",3574334
"803",2006,"Oregon",3677545
"804",2006,"Pennsylvania",12471142
"805",2006,"Rhode Island",1060196
"806",2006,"South Carolina",4339399
"807",2006,"South Dakota",788519
"808",2006,"Tennessee",6089453
"809",2006,"Texas",23369024
"810",2006,"Utah",2583724
"811",2006,"Vermont",619985
"812",2006,"Virginia",7646996
"813",2006,"Washington",6372243
"814",2006,"West Virginia",1807237
"815",2006,"Wisconsin",5571680
"816",2006,"Wyoming",512841
"817",2007,"Alabama",4637904
"818",2007,"Alaska",682297
"819",2007,"Arizona",6362241
"820",2007,"Arkansas",2842194
"821",2007,"California",36226122
"822",2007,"Colorado",4842259
"823",2007,"Connecticut",3488633
"824",2007,"Delaware",864896
"825",2007,"District of Columbia",586409
"826",2007,"Florida",18277888
"827",2007,"Georgia",9533761
"828",2007,"Hawaii",1276832
"829",2007,"Idaho",1499245
"830",2007,"Illinois",12779417
"831",2007,"Indiana",6346113
"832",2007,"Iowa",2978719
"833",2007,"Kansas",2775586
"834",2007,"Kentucky",4256278
"835",2007,"Louisiana",4376122
"836",2007,"Maine",1317308
"837",2007,"Maryland",5634242
"838",2007,"Massachusetts",6499275
"839",2007,"Michigan",10050847
"840",2007,"Minnesota",5191206
"841",2007,"Mississippi",2921723
"842",2007,"Missouri",5909824
"843",2007,"Montana",957225
"844",2007,"Nebraska",1769912
"845",2007,"Nevada",2567752
"846",2007,"New Hampshire",1317343
"847",2007,"New Jersey",8636043
"848",2007,"New Mexico",1968731
"849",2007,"New York",19422777
"850",2007,"North Carolina",9064074
"851",2007,"North Dakota",638202
"852",2007,"Ohio",11520815
"853",2007,"Oklahoma",3612186
"854",2007,"Oregon",3732957
"855",2007,"Pennsylvania",12522531
"856",2007,"Rhode Island",1055009
"857",2007,"South Carolina",4424232
"858",2007,"South Dakota",797035
"859",2007,"Tennessee",6172862
"860",2007,"Texas",23837701
"861",2007,"Utah",2663796
"862",2007,"Vermont",620460
"863",2007,"Virginia",7719749
"864",2007,"Washington",6464979
"865",2007,"West Virginia",1811198
"866",2007,"Wisconsin",5601571
"867",2007,"Wyoming",523414
"868",2008,"Alabama",4677464
"869",2008,"Alaska",688125
"870",2008,"Arizona",6499377
"871",2008,"Arkansas",2867764
"872",2008,"California",36580371
"873",2008,"Colorado",4935213
"874",2008,"Connecticut",3502932
"875",2008,"Delaware",876211
"876",2008,"District of Columbia",590074
"877",2008,"Florida",18423878
"878",2008,"Georgia",9697838
"879",2008,"Hawaii",1287481
"880",2008,"Idaho",1527506
"881",2008,"Illinois",12842954
"882",2008,"Indiana",6388309
"883",2008,"Iowa",2993987
"884",2008,"Kansas",2797375
"885",2008,"Kentucky",4287931
"886",2008,"Louisiana",4451513
"887",2008,"Maine",1319691
"888",2008,"Maryland",5658655
"889",2008,"Massachusetts",6543595
"890",2008,"Michigan",10002486
"891",2008,"Minnesota",5230567
"892",2008,"Mississippi",2940212
"893",2008,"Missouri",5956335
"894",2008,"Montana",968035
"895",2008,"Nebraska",1781949
"896",2008,"Nevada",2615772
"897",2008,"New Hampshire",1321872
"898",2008,"New Jersey",8663398
"899",2008,"New Mexico",1986763
"900",2008,"New York",19467789
"901",2008,"North Carolina",9247134
"902",2008,"North Dakota",641421
"903",2008,"Ohio",11528072
"904",2008,"Oklahoma",3644025
"905",2008,"Oregon",3782991
"906",2008,"Pennsylvania",12566368
"907",2008,"Rhode Island",1053502
"908",2008,"South Carolina",4503280
"909",2008,"South Dakota",804532
"910",2008,"Tennessee",6240456
"911",2008,"Texas",24304290
"912",2008,"Utah",2727343
"913",2008,"Vermont",621049
"914",2008,"Virginia",7795424
"915",2008,"Washington",6566073
"916",2008,"West Virginia",1814873
"917",2008,"Wisconsin",5627610
"918",2008,"Wyoming",532981
"919",2009,"Alabama",4708708
"920",2009,"Alaska",698473
"921",2009,"Arizona",6595778
"922",2009,"Arkansas",2889450
"923",2009,"California",36961664
"924",2009,"Colorado",5024748
"925",2009,"Connecticut",3518288
"926",2009,"Delaware",885122
"927",2009,"District of Columbia",599657
"928",2009,"Florida",18537969
"929",2009,"Georgia",9829211
"930",2009,"Hawaii",1295178
"931",2009,"Idaho",1545801
"932",2009,"Illinois",12910409
"933",2009,"Indiana",6423113
"934",2009,"Iowa",3007856
"935",2009,"Kansas",2818747
"936",2009,"Kentucky",4314113
"937",2009,"Louisiana",4492076
"938",2009,"Maine",1318301
"939",2009,"Maryland",5699478
"940",2009,"Massachusetts",6593587
"941",2009,"Michigan",9969727
"942",2009,"Minnesota",5266214
"943",2009,"Mississippi",2951996
"944",2009,"Missouri",5987580
"945",2009,"Montana",974989
"946",2009,"Nebraska",1796619
"947",2009,"Nevada",2643085
"948",2009,"New Hampshire",1324575
"949",2009,"New Jersey",8707739
"950",2009,"New Mexico",2009671
"951",2009,"New York",19541453
"952",2009,"North Carolina",9380884
"953",2009,"North Dakota",646844
"954",2009,"Ohio",11542645
"955",2009,"Oklahoma",3687050
"956",2009,"Oregon",3825657
"957",2009,"Pennsylvania",12604767
"958",2009,"Rhode Island",1053209
"959",2009,"South Carolina",4561242
"960",2009,"South Dakota",812383
"961",2009,"Tennessee",6296254
"962",2009,"Texas",24782302
"963",2009,"Utah",2784572
"964",2009,"Vermont",621760
"965",2009,"Virginia",7882590
"966",2009,"Washington",6664195
"967",2009,"West Virginia",1819777
"968",2009,"Wisconsin",5654774
"969",2009,"Wyoming",544270
"970",2010,"Alabama",4785448
"971",2010,"Alaska",713906
"972",2010,"Arizona",6407774
"973",2010,"Arkansas",2921978
"974",2010,"California",37320903
"975",2010,"Colorado",5048281
"976",2010,"Connecticut",3579125
"977",2010,"Delaware",899595
"978",2010,"District of Columbia",605085
"979",2010,"Florida",18845785
"980",2010,"Georgia",9711810
"981",2010,"Hawaii",1363963
"982",2010,"Idaho",1570773
"983",2010,"Illinois",12840762
"984",2010,"Indiana",6490436
"985",2010,"Iowa",3050767
"986",2010,"Kansas",2858213
"987",2010,"Kentucky",4348200
"988",2010,"Louisiana",4544532
"989",2010,"Maine",1327632
"990",2010,"Maryland",5788642
"991",2010,"Massachusetts",6566431
"992",2010,"Michigan",9877535
"993",2010,"Minnesota",5310843
"994",2010,"Mississippi",2970536
"995",2010,"Missouri",5995976
"996",2010,"Montana",990722
"997",2010,"Nebraska",1829536
"998",2010,"Nevada",2702464
"999",2010,"New Hampshire",1316777
"1000",2010,"New Jersey",8799624
"1001",2010,"New Mexico",2064588
"1002",2010,"New York",19400080
"1003",2010,"North Carolina",9574293
"1004",2010,"North Dakota",674710
"1005",2010,"Ohio",11539327
"1006",2010,"Oklahoma",3759632
"1007",2010,"Oregon",3837532
"1008",2010,"Pennsylvania",12711158
"1009",2010,"Rhode Island",1053938
"1010",2010,"South Carolina",4635656
"1011",2010,"South Dakota",816165
"1012",2010,"Tennessee",6355301
"1013",2010,"Texas",25242679
"1014",2010,"Utah",2775334
"1015",2010,"Vermont",625880
"1016",2010,"Virginia",8023680
"1017",2010,"Washington",6742902
"1018",2010,"West Virginia",1854214
"1019",2010,"Wisconsin",5690479
"1020",2010,"Wyoming",564483
"1021",2010,"Puerto Rico",3721525
"1022",2011,"Alabama",4798834
"1023",2011,"Alaska",722038
"1024",2011,"Arizona",6473497
"1025",2011,"Arkansas",2940407
"1026",2011,"California",37641823
"1027",2011,"Colorado",5121771
"1028",2011,"Connecticut",3588023
"1029",2011,"Delaware",907316
"1030",2011,"District of Columbia",619602
"1031",2011,"Florida",19093352
"1032",2011,"Georgia",9801578
"1033",2011,"Hawaii",1379252
"1034",2011,"Idaho",1583828
"1035",2011,"Illinois",12867291
"1036",2011,"Indiana",6516045
"1037",2011,"Iowa",3066054
"1038",2011,"Kansas",2869035
"1039",2011,"Kentucky",4369488
"1040",2011,"Louisiana",4575184
"1041",2011,"Maine",1328150
"1042",2011,"Maryland",5838991
"1043",2011,"Massachusetts",6613149
"1044",2011,"Michigan",9881521
"1045",2011,"Minnesota",5345668
"1046",2011,"Mississippi",2978470
"1047",2011,"Missouri",6009641
"1048",2011,"Montana",997221
"1049",2011,"Nebraska",1840538
"1050",2011,"Nevada",2712799
"1051",2011,"New Hampshire",1319815
"1052",2011,"New Jersey",8827783
"1053",2011,"New Mexico",2080395
"1054",2011,"New York",19498514
"1055",2011,"North Carolina",9656754
"1056",2011,"North Dakota",685136
"1057",2011,"Ohio",11543463
"1058",2011,"Oklahoma",3787821
"1059",2011,"Oregon",3871728
"1060",2011,"Pennsylvania",12744583
"1061",2011,"Rhode Island",1053536
"1062",2011,"South Carolina",4671422
"1063",2011,"South Dakota",823484
"1064",2011,"Tennessee",6397410
"1065",2011,"Texas",25646227
"1066",2011,"Utah",2814216
"1067",2011,"Vermont",626979
"1068",2011,"Virginia",8100469
"1069",2011,"Washington",6821655
"1070",2011,"West Virginia",1856074
"1071",2011,"Wisconsin",5704755
"1072",2011,"Wyoming",567224
"1073",2011,"Puerto Rico",3678732
"1074",2012,"Alabama",4815564
"1075",2012,"Alaska",730399
"1076",2012,"Arizona",6556629
"1077",2012,"Arkansas",2952109
"1078",2012,"California",37960782
"1079",2012,"Colorado",5193721
"1080",2012,"Connecticut",3594395
"1081",2012,"Delaware",915188
"1082",2012,"District of Columbia",634725
"1083",2012,"Florida",19326230
"1084",2012,"Georgia",9901496
"1085",2012,"Hawaii",1394905
"1086",2012,"Idaho",1595441
"1087",2012,"Illinois",12884119
"1088",2012,"Indiana",6537640
"1089",2012,"Iowa",3076097
"1090",2012,"Kansas",2885361
"1091",2012,"Kentucky",4386381
"1092",2012,"Louisiana",4600814
"1093",2012,"Maine",1327691
"1094",2012,"Maryland",5887072
"1095",2012,"Massachusetts",6663158
"1096",2012,"Michigan",9896930
"1097",2012,"Minnesota",5376550
"1098",2012,"Mississippi",2983767
"1099",2012,"Missouri",6024081
"1100",2012,"Montana",1003754
"1101",2012,"Nebraska",1853323
"1102",2012,"Nevada",2744566
"1103",2012,"New Hampshire",1323962
"1104",2012,"New Jersey",8845483
"1105",2012,"New Mexico",2087549
"1106",2012,"New York",19574549
"1107",2012,"North Carolina",9749123
"1108",2012,"North Dakota",701116
"1109",2012,"Ohio",11548369
"1110",2012,"Oklahoma",3818600
"1111",2012,"Oregon",3899118
"1112",2012,"Pennsylvania",12766827
"1113",2012,"Rhode Island",1054601
"1114",2012,"South Carolina",4717112
"1115",2012,"South Dakota",833496
"1116",2012,"Tennessee",6451281
"1117",2012,"Texas",26089620
"1118",2012,"Utah",2853467
"1119",2012,"Vermont",626063
"1120",2012,"Virginia",8185229
"1121",2012,"Washington",6892876
"1122",2012,"West Virginia",1856764
"1123",2012,"Wisconsin",5719855
"1124",2012,"Wyoming",576270
"1125",2012,"Puerto Rico",3634488
"1126",2013,"Alabama",4830460
"1127",2013,"Alaska",737045
"1128",2013,"Arizona",6634999
"1129",2013,"Arkansas",2959549
"1130",2013,"California",38280824
"1131",2013,"Colorado",5270482
"1132",2013,"Connecticut",3594915
"1133",2013,"Delaware",923638
"1134",2013,"District of Columbia",650431
"1135",2013,"Florida",19563166
"1136",2013,"Georgia",9973326
"1137",2013,"Hawaii",1408453
"1138",2013,"Idaho",1611530
"1139",2013,"Illinois",12898269
"1140",2013,"Indiana",6568367
"1141",2013,"Iowa",3093078
"1142",2013,"Kansas",2893510
"1143",2013,"Kentucky",4404817
"1144",2013,"Louisiana",4624577
"1145",2013,"Maine",1328196
"1146",2013,"Maryland",5923704
"1147",2013,"Massachusetts",6713944
"1148",2013,"Michigan",9913349
"1149",2013,"Minnesota",5413693
"1150",2013,"Mississippi",2988797
"1151",2013,"Missouri",6040658
"1152",2013,"Montana",1013564
"1153",2013,"Nebraska",1865414
"1154",2013,"Nevada",2776972
"1155",2013,"New Hampshire",1326408
"1156",2013,"New Jersey",8858362
"1157",2013,"New Mexico",2092792
"1158",2013,"New York",19628043
"1159",2013,"North Carolina",9843599
"1160",2013,"North Dakota",721999
"1161",2013,"Ohio",11576576
"1162",2013,"Oklahoma",3853205
"1163",2013,"Oregon",3922908
"1164",2013,"Pennsylvania",12776621
"1165",2013,"Rhode Island",1055122
"1166",2013,"South Carolina",4764153
"1167",2013,"South Dakota",842270
"1168",2013,"Tennessee",6493432
"1169",2013,"Texas",26489464
"1170",2013,"Utah",2897927
"1171",2013,"Vermont",626212
"1172",2013,"Virginia",8253053
"1173",2013,"Washington",6962906
"1174",2013,"West Virginia",1853873
"1175",2013,"Wisconsin",5736952
"1176",2013,"Wyoming",582123
"1177",2013,"Puerto Rico",3593077
"1178",2014,"Alabama",4842481
"1179",2014,"Alaska",736307
"1180",2014,"Arizona",6733840
"1181",2014,"Arkansas",2967726
"1182",2014,"California",38625139
"1183",2014,"Colorado",5351218
"1184",2014,"Connecticut",3594783
"1185",2014,"Delaware",932596
"1186",2014,"District of Columbia",662513
"1187",2014,"Florida",19860330
"1188",2014,"Georgia",10069001
"1189",2014,"Hawaii",1414862
"1190",2014,"Idaho",1631479
"1191",2014,"Illinois",12888962
"1192",2014,"Indiana",6593533
"1193",2014,"Iowa",3109504
"1194",2014,"Kansas",2900896
"1195",2014,"Kentucky",4414483
"1196",2014,"Louisiana",4644204
"1197",2014,"Maine",1330760
"1198",2014,"Maryland",5958165
"1199",2014,"Massachusetts",6763652
"1200",2014,"Michigan",9930589
"1201",2014,"Minnesota",5451522
"1202",2014,"Mississippi",2990623
"1203",2014,"Missouri",6056293
"1204",2014,"Montana",1021891
"1205",2014,"Nebraska",1879522
"1206",2014,"Nevada",2819012
"1207",2014,"New Hampshire",1333223
"1208",2014,"New Jersey",8866780
"1209",2014,"New Mexico",2090342
"1210",2014,"New York",19656330
"1211",2014,"North Carolina",9933944
"1212",2014,"North Dakota",737382
"1213",2014,"Ohio",11602973
"1214",2014,"Oklahoma",3878367
"1215",2014,"Oregon",3964106
"1216",2014,"Pennsylvania",12789101
"1217",2014,"Rhode Island",1056017
"1218",2014,"South Carolina",4823793
"1219",2014,"South Dakota",849088
"1220",2014,"Tennessee",6540826
"1221",2014,"Texas",26977142
"1222",2014,"Utah",2937399
"1223",2014,"Vermont",625218
"1224",2014,"Virginia",8312076
"1225",2014,"Washington",7052439
"1226",2014,"West Virginia",1849467
"1227",2014,"Wisconsin",5751974
"1228",2014,"Wyoming",582548
"1229",2014,"Puerto Rico",3534874
